experiment,n_removed_signals,mean_delta_precision,mean_delta_recall,worst_delta_precision,worst_delta_recall
remove_accelerometer,1,-0.039,-0.042,-0.126,-0.167
remove_accelerometer_game_rot_vec,2,0.013,0.0,-0.104,-0.167
remove_accelerometer_game_rot_vec_magn_field,3,-0.011,-0.014,-0.126,-0.167
remove_accelerometer_gravity,2,-0.104,-0.097,-0.3,-0.333
remove_accelerometer_gravity_game_rot_vec,3,-0.079,-0.069,-0.186,-0.333
remove_accelerometer_gravity_game_rot_vec_magn_field,4,-0.114,-0.139,-0.295,-0.25
remove_accelerometer_gravity_gyros,3,-0.083,-0.083,-0.186,-0.333
remove_accelerometer_gravity_gyros_game_rot_vec,4,-0.073,-0.069,-0.15,-0.25
remove_accelerometer_gravity_gyros_game_rot_vec_magn_field,5,-0.151,-0.139,-0.344,-0.333
remove_accelerometer_gravity_gyros_lin_accel,4,-0.146,-0.125,-0.344,-0.417
remove_accelerometer_gravity_gyros_lin_accel_game_rot_vec,5,-0.098,-0.097,-0.233,-0.25
remove_accelerometer_gravity_gyros_lin_accel_magn_field,5,-0.126,-0.125,-0.318,-0.25
remove_accelerometer_gravity_gyros_magn_field,4,-0.114,-0.111,-0.263,-0.333
remove_accelerometer_gravity_lin_accel,3,-0.16,-0.139,-0.344,-0.417
remove_accelerometer_gravity_lin_accel_game_rot_vec,4,-0.106,-0.097,-0.235,-0.417
remove_accelerometer_gravity_lin_accel_game_rot_vec_magn_field,5,-0.267,-0.347,-0.567,-0.583
remove_accelerometer_gravity_lin_accel_magn_field,4,-0.148,-0.139,-0.273,-0.25
remove_accelerometer_gravity_magn_field,3,-0.139,-0.125,-0.285,-0.417
remove_accelerometer_gyros,2,-0.045,-0.042,-0.203,-0.25
remove_accelerometer_gyros_game_rot_vec,3,-0.032,-0.028,-0.152,-0.167
remove_accelerometer_gyros_game_rot_vec_magn_field,4,-0.032,-0.028,-0.152,-0.167
remove_accelerometer_gyros_lin_accel,3,-0.011,-0.014,-0.126,-0.167
remove_accelerometer_gyros_lin_accel_game_rot_vec,4,-0.023,-0.028,-0.175,-0.25
remove_accelerometer_gyros_lin_accel_game_rot_vec_magn_field,5,0.005,-0.014,-0.152,-0.25
remove_accelerometer_gyros_lin_accel_magn_field,4,-0.011,-0.014,-0.126,-0.167
remove_accelerometer_gyros_magn_field,3,-0.045,-0.042,-0.203,-0.25
remove_accelerometer_lin_accel,2,-0.023,-0.028,-0.175,-0.25
remove_accelerometer_lin_accel_game_rot_vec,3,-0.011,-0.014,-0.126,-0.167
remove_accelerometer_lin_accel_game_rot_vec_magn_field,4,-0.002,-0.028,-0.193,-0.333
remove_accelerometer_lin_accel_magn_field,3,-0.023,-0.028,-0.175,-0.25
remove_accelerometer_magn_field,2,-0.032,-0.028,-0.152,-0.167
remove_game_rot_vec,1,-0.014,-0.028,-0.071,-0.167
remove_game_rot_vec_magn_field,2,0.009,0.0,-0.06,-0.167
remove_gravity,1,-0.045,-0.042,-0.15,-0.25
remove_gravity_game_rot_vec,2,-0.025,-0.028,-0.06,-0.25
remove_gravity_game_rot_vec_magn_field,3,-0.037,-0.042,-0.167,-0.167
remove_gravity_gyros,2,-0.059,-0.056,-0.203,-0.333
remove_gravity_gyros_game_rot_vec,3,-0.026,-0.028,-0.068,-0.25
remove_gravity_gyros_game_rot_vec_magn_field,4,-0.097,-0.097,-0.229,-0.167
remove_gravity_gyros_lin_accel,3,-0.066,-0.056,-0.233,-0.25
remove_gravity_gyros_lin_accel_game_rot_vec,4,-0.041,-0.042,-0.091,-0.25
remove_gravity_gyros_lin_accel_game_rot_vec_magn_field,5,-0.061,-0.083,-0.167,-0.333
remove_gravity_gyros_lin_accel_magn_field,4,-0.112,-0.111,-0.273,-0.333
remove_gravity_gyros_magn_field,3,-0.088,-0.083,-0.152,-0.25
remove_gravity_lin_accel,2,-0.076,-0.069,-0.235,-0.333
remove_gravity_lin_accel_game_rot_vec,3,-0.064,-0.056,-0.186,-0.333
remove_gravity_lin_accel_game_rot_vec_magn_field,4,-0.075,-0.083,-0.211,-0.333
remove_gravity_lin_accel_magn_field,3,-0.052,-0.056,-0.152,-0.333
remove_gravity_magn_field,2,-0.141,-0.125,-0.344,-0.333
remove_gyros,1,-0.011,-0.014,-0.126,-0.167
remove_gyros_game_rot_vec,2,0.001,0.0,-0.06,-0.083
remove_gyros_game_rot_vec_magn_field,3,0.014,0.014,0.0,0.0
remove_gyros_lin_accel,2,-0.025,-0.028,-0.126,-0.25
remove_gyros_lin_accel_game_rot_vec,3,0.014,0.0,-0.05,-0.167
remove_gyros_lin_accel_game_rot_vec_magn_field,4,0.022,0.014,-0.06,-0.083
remove_gyros_lin_accel_magn_field,3,-0.025,-0.028,-0.126,-0.25
remove_gyros_magn_field,2,-0.062,-0.056,-0.203,-0.333
remove_lin_accel,1,-0.035,-0.042,-0.175,-0.25
remove_lin_accel_game_rot_vec,2,0.012,0.0,-0.05,-0.167
remove_lin_accel_game_rot_vec_magn_field,3,0.022,0.014,-0.06,-0.083
remove_lin_accel_magn_field,2,-0.062,-0.056,-0.203,-0.333
remove_magn_field,1,-0.025,-0.028,-0.126,-0.25
