experiment,Absence of movement,Upward Block,Hammering Inward Block,Extended Outward Block,Outward Downward Block,Rear Elbow Block,n_removed_signals
baseline,0.0,0.0,0.0,0.0,0.0,0.0,0
remove_lin_accel,-0.083,0.083,0.0,-0.25,0.0,0.0,1
remove_gyros,0.0,0.083,0.0,-0.167,0.0,0.0,1
remove_gravity,0.0,0.083,-0.083,-0.25,0.0,0.0,1
remove_game_rot_vec,-0.083,0.0,0.083,-0.167,0.0,0.0,1
remove_magn_field,0.0,0.083,0.0,-0.25,0.0,0.0,1
remove_accelerometer,0.0,0.0,0.0,-0.167,0.0,-0.083,1
remove_accelerometer_magn_field,0.0,0.083,-0.083,-0.167,0.0,0.0,2
remove_game_rot_vec_magn_field,0.0,0.083,0.083,-0.167,0.0,0.0,2
remove_gravity_game_rot_vec,0.0,0.083,0.0,-0.25,0.0,0.0,2
remove_accelerometer_lin_accel,0.0,0.083,0.0,-0.25,0.0,0.0,2
remove_gravity_gyros,0.0,0.083,-0.083,-0.333,0.0,0.0,2
remove_gravity_lin_accel,0.0,0.083,-0.167,-0.333,0.0,0.0,2
remove_lin_accel_magn_field,0.0,0.083,-0.083,-0.333,0.0,0.0,2
remove_gravity_magn_field,0.0,0.0,-0.25,-0.333,-0.083,-0.083,2
remove_accelerometer_game_rot_vec,0.0,0.083,0.083,-0.167,0.0,0.0,2
remove_accelerometer_gyros,0.0,0.083,-0.083,-0.25,0.0,0.0,2
remove_gyros_lin_accel,0.0,0.083,0.0,-0.25,0.0,0.0,2
remove_gyros_magn_field,0.0,0.083,-0.083,-0.333,0.0,0.0,2
remove_lin_accel_game_rot_vec,0.0,0.083,0.083,-0.167,0.0,0.0,2
remove_gyros_game_rot_vec,0.0,0.083,0.0,-0.083,0.0,0.0,2
remove_accelerometer_gravity,0.0,0.0,-0.333,-0.25,0.0,0.0,2
remove_gyros_game_rot_vec_magn_field,0.0,0.083,0.0,0.0,0.0,0.0,3
remove_gravity_lin_accel_magn_field,0.0,0.083,-0.083,-0.333,0.0,0.0,3
remove_gravity_lin_accel_game_rot_vec,0.0,0.083,-0.083,-0.333,0.0,0.0,3
remove_gyros_lin_accel_game_rot_vec,0.0,0.083,0.083,-0.167,0.0,0.0,3
remove_gravity_gyros_magn_field,0.0,0.0,-0.083,-0.25,-0.083,-0.083,3
remove_gravity_gyros_lin_accel,0.0,0.083,-0.167,-0.25,0.0,0.0,3
remove_gravity_gyros_game_rot_vec,0.0,0.083,0.0,-0.25,0.0,0.0,3
remove_gyros_lin_accel_magn_field,0.0,0.083,0.0,-0.25,0.0,0.0,3
remove_gravity_game_rot_vec_magn_field,0.0,0.083,0.0,-0.167,-0.083,-0.083,3
remove_accelerometer_gravity_game_rot_vec,0.0,0.083,-0.167,-0.333,0.0,0.0,3
remove_lin_accel_game_rot_vec_magn_field,0.0,0.083,0.083,-0.083,0.0,0.0,3
remove_accelerometer_game_rot_vec_magn_field,0.0,0.083,0.0,-0.167,0.0,0.0,3
remove_accelerometer_gravity_magn_field,0.0,0.0,-0.417,-0.083,-0.083,-0.167,3
remove_accelerometer_lin_accel_game_rot_vec,0.0,0.083,0.0,-0.167,0.0,0.0,3
remove_accelerometer_gyros_magn_field,0.0,0.083,-0.083,-0.25,0.0,0.0,3
remove_accelerometer_gravity_gyros,0.0,0.0,-0.167,-0.333,0.0,0.0,3
remove_accelerometer_gravity_lin_accel,0.0,-0.083,-0.417,-0.333,0.0,0.0,3
remove_accelerometer_gyros_lin_accel,0.0,0.083,0.0,-0.167,0.0,0.0,3
remove_accelerometer_gyros_game_rot_vec,0.0,0.083,-0.083,-0.167,0.0,0.0,3
remove_accelerometer_lin_accel_magn_field,0.0,0.083,0.0,-0.25,0.0,0.0,3
remove_accelerometer_gravity_gyros_game_rot_vec,0.0,0.0,-0.167,-0.25,0.0,0.0,4
remove_accelerometer_gravity_gyros_lin_accel,0.0,0.0,-0.417,-0.333,0.0,0.0,4
remove_gyros_lin_accel_game_rot_vec_magn_field,0.0,0.083,0.083,-0.083,0.0,0.0,4
remove_accelerometer_gravity_gyros_magn_field,-0.083,0.083,-0.333,-0.083,-0.083,-0.167,4
remove_accelerometer_gravity_lin_accel_game_rot_vec,0.0,0.0,-0.167,-0.417,0.0,0.0,4
remove_accelerometer_gravity_lin_accel_magn_field,0.0,0.0,-0.25,-0.25,-0.167,-0.167,4
remove_accelerometer_lin_accel_game_rot_vec_magn_field,0.0,0.083,0.083,-0.333,0.0,0.0,4
remove_accelerometer_gyros_game_rot_vec_magn_field,0.0,0.083,-0.083,-0.167,0.0,0.0,4
remove_gravity_gyros_lin_accel_magn_field,0.0,0.083,-0.25,-0.333,-0.083,-0.083,4
remove_gravity_gyros_lin_accel_game_rot_vec,0.0,0.083,-0.083,-0.25,0.0,0.0,4
remove_accelerometer_gyros_lin_accel_game_rot_vec,0.0,0.083,0.0,-0.25,0.0,0.0,4
remove_gravity_gyros_game_rot_vec_magn_field,0.0,0.0,-0.167,-0.167,-0.083,-0.167,4
remove_accelerometer_gyros_lin_accel_magn_field,0.0,0.083,0.0,-0.167,0.0,0.0,4
remove_gravity_lin_accel_game_rot_vec_magn_field,0.0,0.083,0.0,-0.333,-0.167,-0.083,4
remove_accelerometer_gravity_game_rot_vec_magn_field,0.0,-0.083,-0.083,-0.25,-0.25,-0.167,4
remove_accelerometer_gravity_lin_accel_game_rot_vec_magn_field,0.0,-0.25,-0.167,-0.583,-0.5,-0.583,5
remove_gravity_gyros_lin_accel_game_rot_vec_magn_field,0.0,0.083,0.0,-0.333,0.0,-0.25,5
remove_accelerometer_gravity_gyros_lin_accel_magn_field,0.0,0.083,-0.25,-0.167,-0.167,-0.25,5
remove_accelerometer_gravity_gyros_lin_accel_game_rot_vec,-0.083,0.0,-0.25,-0.25,0.0,0.0,5
remove_accelerometer_gravity_gyros_game_rot_vec_magn_field,0.0,0.083,-0.083,-0.333,-0.167,-0.333,5
remove_accelerometer_gyros_lin_accel_game_rot_vec_magn_field,0.0,0.083,0.083,-0.25,0.0,0.0,5
