movement,feature_position,channel,dilation,f_score,p_value,movement_mean,rest_mean
0,2172,game_rot_vec_x,2,338.96173,5.957e-42,0.14884679,0.48777416
0,3689,magn_field_z,3,310.3471,7.65978e-40,0.13055882,0.49671358
0,2459,lin_accel_z,2,308.35233,1.086334e-39,0.21299994,0.4915924
0,4009,game_rot_vec_y,3,304.6956,2.069247e-39,0.1496571,0.46422616
0,3692,accelerometer_z,3,300.9203,4.046098e-39,0.12906055,0.4969732
0,3683,lin_accel_z,3,299.0534,5.648355e-39,0.15186737,0.4930931
0,2489,gravity_z,2,298.0216,6.795936e-39,0.18888941,0.4794103
0,3693,gravity_x,3,280.13385,1.795249e-37,0.12987028,0.49500743
0,2469,gravity_x,2,278.65656,2.3664875e-37,0.19284014,0.48349342
0,3991,game_rot_vec_y,3,278.2134,2.5714186e-37,0.18643388,0.4780299
0,3691,accelerometer_y,3,277.93155,2.7110206e-37,0.108129665,0.49426672
0,3690,accelerometer_x,3,276.32327,3.6679409e-37,0.13519807,0.49680275
0,3684,game_rot_vec_x,3,274.9278,4.772323e-37,0.13441764,0.49782932
0,5195,lin_accel_z,4,273.99054,5.697804e-37,0.13832004,0.5024945
0,2179,accelerometer_y,2,270.62692,1.0797643e-36,0.14271411,0.48752943
0,2173,game_rot_vec_y,2,253.91168,2.790335e-35,0.1367289,0.4871459
0,2159,magn_field_z,2,251.07738,4.9060766e-35,0.18124393,0.4823023
0,4223,lin_accel_z,3,243.72365,2.1602347e-34,0.16512814,0.47128847
0,2182,gravity_y,2,242.28712,2.8947793e-34,0.14293061,0.4897751
0,4019,gravity_z,3,242.19902,2.9473129e-34,0.22099106,0.48919395
1,1643,gravity_z,2,105.33561,1.9081896e-19,0.5876799,0.38669062
1,4986,accelerometer_x,4,99.700035,1.1075005e-18,0.37067303,0.1210407
1,1644,gyros_x,2,98.74201,1.4990715e-18,0.5956357,0.38584566
1,3457,accelerometer_y,3,95.08122,4.816846e-18,0.49634227,0.24254325
1,5390,gyros_z,4,94.86926,5.156295e-18,0.629282,0.45194003
1,132,gyros_x,1,94.72115,5.4077706e-18,0.5925297,0.40321988
1,111,gravity_x,1,91.81892,1.3826503e-17,0.5776224,0.38951603
1,1623,gravity_x,2,90.31641,2.2575481e-17,0.5758011,0.34038934
1,3458,accelerometer_z,3,89.27817,3.173369e-17,0.47413048,0.20407282
1,4958,gyros_z,4,87.6772,5.3799248e-17,0.45267078,0.15280977
1,129,gravity_x,1,87.13259,6.4432254e-17,0.587915,0.39946654
1,147,gravity_x,1,85.5865,1.07749863e-16,0.59632796,0.4144105
1,5398,magn_field_y,4,81.07172,4.928624e-16,0.62784636,0.48284242
1,5385,gravity_x,4,78.4708,1.1989845e-15,0.67814636,0.46947742
1,130,gravity_y,1,75.82752,2.9893688e-15,0.5815002,0.42480493
1,3489,magn_field_x,3,74.70375,4.4220977e-15,0.3985171,0.60186476
1,3506,game_rot_vec_z,3,74.54411,4.6757527e-15,0.33182153,0.58902705
1,146,accelerometer_z,1,74.16912,5.331119e-15,0.5891309,0.3984739
1,1641,gravity_x,2,74.0905,5.479915e-15,0.5691122,0.38970232
1,4991,gravity_z,4,73.48558,6.7748037e-15,0.3236511,0.11772713
2,1913,gravity_z,2,53.714016,9.64359e-12,0.8181553,0.5533892
2,4695,magn_field_x,4,53.483196,1.053907e-11,0.70273125,0.50266176
2,3424,gravity_y,3,52.779434,1.3824509e-11,0.9586589,0.6392152
2,3425,gravity_z,3,52.127655,1.778915e-11,0.9563655,0.65829533
2,2574,accelerometer_x,2,50.991314,2.7663968e-11,0.7203793,0.5010514
2,3416,game_rot_vec_z,3,49.724915,4.538351e-11,0.7881045,0.5734959
2,2575,accelerometer_y,2,49.115646,5.7651765e-11,0.69169223,0.50432825
2,1912,gravity_y,2,48.46472,7.4504736e-11,0.81318176,0.52422166
2,2584,lin_accel_y,2,47.563393,1.06415335e-10,0.7445221,0.52139896
2,1914,gyros_x,2,47.523697,1.08103304e-10,0.8016081,0.579737
2,4697,magn_field_z,4,46.545895,1.594531e-10,0.6139788,0.42691755
2,3177,lin_accel_x,3,46.189617,1.8380007e-10,0.6334451,0.47006956
2,4696,magn_field_y,4,46.00621,1.9776916e-10,0.6048054,0.40666345
2,1916,gyros_z,2,45.539402,2.383771e-10,0.7752188,0.5726862
2,1922,game_rot_vec_z,2,45.51072,2.4113173e-10,0.7859849,0.58243495
2,4937,gravity_z,4,43.602737,5.198212e-10,0.9725026,0.6700847
2,3415,game_rot_vec_y,3,43.28058,5.922568e-10,0.9505234,0.6910371
2,1672,magn_field_y,2,43.05751,6.4832967e-10,0.6013823,0.4555924
2,4936,gravity_y,4,42.239754,9.0408997e-10,0.9807085,0.67520535
2,3186,accelerometer_x,3,41.806156,1.0790436e-09,0.57806957,0.4098879
3,4999,game_rot_vec_y,4,59.438393,1.1000809e-12,0.08322511,0.29191148
3,123,magn_field_x,1,50.509045,3.3390634e-11,0.6687533,0.49766883
3,3487,game_rot_vec_y,3,50.324837,3.5882814e-11,0.08628939,0.24867213
3,3502,lin_accel_y,3,48.600906,7.060783e-11,0.085501626,0.3030041
3,1635,magn_field_x,2,46.900528,1.3845758e-10,0.66840374,0.5092804
3,5024,accelerometer_z,4,46.730278,1.4816279e-10,0.045017388,0.25755876
3,1650,game_rot_vec_x,2,45.12451,2.8152308e-10,0.7022047,0.5375014
3,3513,gravity_x,3,44.735413,3.2916478e-10,0.10831274,0.32045597
3,3496,gravity_y,3,43.153046,6.2368455e-10,0.09946639,0.25827488
3,5658,gyros_x,4,42.903744,6.9008643e-10,0.49102828,0.25785738
3,5657,gravity_z,4,42.85116,7.049834e-10,0.5059356,0.25979826
3,4926,game_rot_vec_x,4,42.594524,7.8249673e-10,0.93999183,0.6473608
3,3512,accelerometer_z,3,41.343033,1.3040491e-09,0.14465897,0.3565839
3,5629,game_rot_vec_y,4,41.016735,1.4906294e-09,0.60022646,0.34729537
3,3503,lin_accel_z,3,40.987873,1.5083828e-09,0.06316648,0.2578847
3,3495,gravity_x,3,40.257957,2.0361681e-09,0.11166274,0.29882956
3,5021,magn_field_z,4,39.417194,2.8809874e-09,0.05850708,0.26199976
3,5032,lin_accel_y,4,39.11159,3.269633e-09,0.053234864,0.23840612
3,4927,game_rot_vec_y,4,38.66923,3.928372e-09,0.93845683,0.66901463
3,5656,gravity_y,4,38.421864,4.3538417e-09,0.5162953,0.30031124
4,3376,lin_accel_y,3,219.25078,3.664004e-32,0.54323536,0.2365673
4,4887,lin_accel_x,4,210.85765,2.299144e-31,0.6363,0.2857073
4,358,magn_field_y,1,188.24098,4.012768e-29,0.67576474,0.29841575
4,1868,game_rot_vec_z,2,183.19727,1.3276632e-28,0.6714875,0.34794027
4,3370,gravity_y,3,178.5436,4.06738e-28,0.57489496,0.29649642
4,1864,lin_accel_y,2,174.2082,1.1702926e-27,0.6334875,0.3060904
4,4882,gravity_y,4,164.51804,1.3059444e-26,0.61138517,0.28873268
4,4881,gravity_x,4,160.85257,3.313818e-26,0.68200696,0.3326724
4,1397,lin_accel_z,1,160.4166,3.7045373e-26,0.60524017,0.3640082
4,1386,accelerometer_x,1,157.64981,7.541511e-26,0.5407097,0.31970668
4,356,game_rot_vec_z,1,156.43425,1.03261714e-25,0.63632375,0.2873199
4,4873,game_rot_vec_y,4,155.51607,1.3103189e-25,0.5951118,0.27799153
4,4428,accelerometer_x,3,152.08162,3.2133258e-25,0.63234365,0.33088845
4,3375,lin_accel_x,3,151.09724,4.1629457e-25,0.6602704,0.34784362
4,4872,game_rot_vec_x,4,150.33678,5.0875893e-25,0.56925476,0.26940387
4,5958,accelerometer_x,4,147.69052,1.026367e-24,0.67233044,0.3779958
4,4874,game_rot_vec_z,4,146.60014,1.3729327e-24,0.62105733,0.2978181
4,3369,gravity_x,3,145.89062,1.6599854e-24,0.61008924,0.32985404
4,4879,accelerometer_y,4,143.96504,2.7851186e-24,0.6161207,0.34053025
4,5952,game_rot_vec_x,4,141.70186,5.1381015e-24,0.72902507,0.39084315
5,5027,gravity_z,4,163.59424,1.6497427e-26,0.45304576,0.11715343
5,5035,game_rot_vec_y,4,105.36785,1.8892919e-19,0.51358545,0.1661375
5,5028,gyros_x,4,88.22261,4.4926998e-17,0.5876155,0.23348378
5,3516,gyros_x,3,86.97791,6.782367e-17,0.5644465,0.25006247
5,3505,game_rot_vec_y,3,85.71381,1.03270125e-16,0.50556946,0.2403886
5,4935,gravity_x,4,85.17302,1.2370272e-16,0.5799634,0.30158123
5,5038,magn_field_y,4,78.86269,1.0480171e-15,0.54620516,0.22128336
5,3503,lin_accel_z,3,78.264084,1.2873064e-15,0.43183762,0.18415047
5,5034,game_rot_vec_x,4,78.2257,1.3044173e-15,0.4384145,0.16307116
5,5017,game_rot_vec_y,4,74.2473,5.187216e-15,0.49910805,0.22779985
5,3514,gravity_y,3,73.34249,7.1239875e-15,0.48116466,0.22504446
5,5037,magn_field_x,4,70.881485,1.6992641e-14,0.48417896,0.21284068
5,4934,accelerometer_z,4,70.78521,1.7583823e-14,0.6203211,0.35599872
5,5025,gravity_x,4,69.62648,2.6568503e-14,0.3282516,0.12091206
5,3517,gyros_y,3,68.65312,3.764068e-14,0.5782076,0.29683998
5,5033,lin_accel_z,4,68.41503,4.0998136e-14,0.46357062,0.1881358
5,4919,gravity_z,4,66.11715,9.395783e-14,0.5601958,0.32384956
5,3408,gyros_x,3,66.079315,9.525643e-14,0.51179826,0.28546906
5,4906,lin_accel_y,4,65.57559,1.1438277e-13,0.2690165,0.5108366
5,3423,gravity_x,3,64.450935,1.7236183e-13,0.58151925,0.33123687
