experiment,removed_dilations,remaining_features,accuracy,precision,recall
baseline,,6048,0.875,0.8780303030303029,0.875
remove_1,[1],4536,0.8194444444444444,0.8192307692307691,0.8194444444444443
remove_2,[2],4536,0.8333333333333334,0.8324074074074073,0.8333333333333334
remove_3,[3],4536,0.8472222222222222,0.8507478632478632,0.8472222222222222
remove_4,[4],4536,0.8194444444444444,0.8119047619047618,0.8194444444444443
remove_1_2,"[1, 2]",3024,0.7916666666666666,0.7922771672771672,0.7916666666666666
remove_1_3,"[1, 3]",3024,0.8472222222222222,0.8528846153846152,0.8472222222222222
remove_1_4,"[1, 4]",3024,0.8472222222222222,0.8528846153846154,0.8472222222222222
remove_2_3,"[2, 3]",3024,0.8472222222222222,0.8528846153846152,0.8472222222222222
remove_2_4,"[2, 4]",3024,0.8472222222222222,0.8539529914529914,0.8472222222222222
remove_3_4,"[3, 4]",3024,0.8055555555555556,0.8142246642246643,0.8055555555555555
remove_1_2_3,"[1, 2, 3]",1512,0.8194444444444444,0.8192307692307691,0.8194444444444443
remove_1_2_4,"[1, 2, 4]",1512,0.8333333333333334,0.832893032893033,0.8333333333333334
remove_1_3_4,"[1, 3, 4]",1512,0.8472222222222222,0.8559149184149185,0.8472222222222222
remove_2_3_4,"[2, 3, 4]",1512,0.7638888888888888,0.775932400932401,0.7638888888888888
