experiment,0,1,2,3,4,5
baseline,1.0,0.9166666666666666,0.75,0.75,0.8333333333333334,1.0
remove_accelerometer,1.0,0.9166666666666666,0.75,0.5833333333333334,0.8333333333333334,0.9166666666666666
remove_accelerometer_game_rot_vec,1.0,1.0,0.8333333333333334,0.5833333333333334,0.8333333333333334,1.0
remove_accelerometer_game_rot_vec_magn_field,1.0,1.0,0.75,0.5833333333333334,0.8333333333333334,1.0
remove_accelerometer_gravity,1.0,0.9166666666666666,0.4166666666666667,0.5,0.8333333333333334,1.0
remove_accelerometer_gravity_game_rot_vec,1.0,1.0,0.5833333333333334,0.4166666666666667,0.8333333333333334,1.0
remove_accelerometer_gravity_game_rot_vec_magn_field,1.0,0.8333333333333334,0.6666666666666666,0.5,0.5833333333333334,0.8333333333333334
remove_accelerometer_gravity_gyros,1.0,0.9166666666666666,0.5833333333333334,0.4166666666666667,0.8333333333333334,1.0
remove_accelerometer_gravity_gyros_game_rot_vec,1.0,0.9166666666666666,0.5833333333333334,0.5,0.8333333333333334,1.0
remove_accelerometer_gravity_gyros_game_rot_vec_magn_field,1.0,1.0,0.6666666666666666,0.4166666666666667,0.6666666666666666,0.6666666666666666
remove_accelerometer_gravity_gyros_lin_accel,1.0,0.9166666666666666,0.3333333333333333,0.4166666666666667,0.8333333333333334,1.0
remove_accelerometer_gravity_gyros_lin_accel_game_rot_vec,0.9166666666666666,0.9166666666666666,0.5,0.5,0.8333333333333334,1.0
remove_accelerometer_gravity_gyros_lin_accel_magn_field,1.0,1.0,0.5,0.5833333333333334,0.6666666666666666,0.75
remove_accelerometer_gravity_gyros_magn_field,0.9166666666666666,1.0,0.4166666666666667,0.6666666666666666,0.75,0.8333333333333334
remove_accelerometer_gravity_lin_accel,1.0,0.8333333333333334,0.3333333333333333,0.4166666666666667,0.8333333333333334,1.0
remove_accelerometer_gravity_lin_accel_game_rot_vec,1.0,0.9166666666666666,0.5833333333333334,0.3333333333333333,0.8333333333333334,1.0
remove_accelerometer_gravity_lin_accel_game_rot_vec_magn_field,1.0,0.6666666666666666,0.5833333333333334,0.16666666666666666,0.3333333333333333,0.4166666666666667
remove_accelerometer_gravity_lin_accel_magn_field,1.0,0.9166666666666666,0.5,0.5,0.6666666666666666,0.8333333333333334
remove_accelerometer_gravity_magn_field,1.0,0.9166666666666666,0.3333333333333333,0.6666666666666666,0.75,0.8333333333333334
remove_accelerometer_gyros,1.0,1.0,0.6666666666666666,0.5,0.8333333333333334,1.0
remove_accelerometer_gyros_game_rot_vec,1.0,1.0,0.6666666666666666,0.5833333333333334,0.8333333333333334,1.0
remove_accelerometer_gyros_game_rot_vec_magn_field,1.0,1.0,0.6666666666666666,0.5833333333333334,0.8333333333333334,1.0
remove_accelerometer_gyros_lin_accel,1.0,1.0,0.75,0.5833333333333334,0.8333333333333334,1.0
remove_accelerometer_gyros_lin_accel_game_rot_vec,1.0,1.0,0.75,0.5,0.8333333333333334,1.0
remove_accelerometer_gyros_lin_accel_game_rot_vec_magn_field,1.0,1.0,0.8333333333333334,0.5,0.8333333333333334,1.0
remove_accelerometer_gyros_lin_accel_magn_field,1.0,1.0,0.75,0.5833333333333334,0.8333333333333334,1.0
remove_accelerometer_gyros_magn_field,1.0,1.0,0.6666666666666666,0.5,0.8333333333333334,1.0
remove_accelerometer_lin_accel,1.0,1.0,0.75,0.5,0.8333333333333334,1.0
remove_accelerometer_lin_accel_game_rot_vec,1.0,1.0,0.75,0.5833333333333334,0.8333333333333334,1.0
remove_accelerometer_lin_accel_game_rot_vec_magn_field,1.0,1.0,0.8333333333333334,0.4166666666666667,0.8333333333333334,1.0
remove_accelerometer_lin_accel_magn_field,1.0,1.0,0.75,0.5,0.8333333333333334,1.0
remove_accelerometer_magn_field,1.0,1.0,0.6666666666666666,0.5833333333333334,0.8333333333333334,1.0
remove_game_rot_vec,0.9166666666666666,0.9166666666666666,0.8333333333333334,0.5833333333333334,0.8333333333333334,1.0
remove_game_rot_vec_magn_field,1.0,1.0,0.8333333333333334,0.5833333333333334,0.8333333333333334,1.0
remove_gravity,1.0,1.0,0.6666666666666666,0.5,0.8333333333333334,1.0
remove_gravity_game_rot_vec,1.0,1.0,0.75,0.5,0.8333333333333334,1.0
remove_gravity_game_rot_vec_magn_field,1.0,1.0,0.75,0.5833333333333334,0.75,0.9166666666666666
remove_gravity_gyros,1.0,1.0,0.6666666666666666,0.4166666666666667,0.8333333333333334,1.0
remove_gravity_gyros_game_rot_vec,1.0,1.0,0.75,0.5,0.8333333333333334,1.0
remove_gravity_gyros_game_rot_vec_magn_field,1.0,0.9166666666666666,0.5833333333333334,0.5833333333333334,0.75,0.8333333333333334
remove_gravity_gyros_lin_accel,1.0,1.0,0.5833333333333334,0.5,0.8333333333333334,1.0
remove_gravity_gyros_lin_accel_game_rot_vec,1.0,1.0,0.6666666666666666,0.5,0.8333333333333334,1.0
remove_gravity_gyros_lin_accel_game_rot_vec_magn_field,1.0,1.0,0.75,0.4166666666666667,0.8333333333333334,0.75
remove_gravity_gyros_lin_accel_magn_field,1.0,1.0,0.5,0.4166666666666667,0.75,0.9166666666666666
remove_gravity_gyros_magn_field,1.0,0.9166666666666666,0.6666666666666666,0.5,0.75,0.9166666666666666
remove_gravity_lin_accel,1.0,1.0,0.5833333333333334,0.4166666666666667,0.8333333333333334,1.0
remove_gravity_lin_accel_game_rot_vec,1.0,1.0,0.6666666666666666,0.4166666666666667,0.8333333333333334,1.0
remove_gravity_lin_accel_game_rot_vec_magn_field,1.0,1.0,0.75,0.4166666666666667,0.6666666666666666,0.9166666666666666
remove_gravity_lin_accel_magn_field,1.0,1.0,0.6666666666666666,0.4166666666666667,0.8333333333333334,1.0
remove_gravity_magn_field,1.0,0.9166666666666666,0.5,0.4166666666666667,0.75,0.9166666666666666
remove_gyros,1.0,1.0,0.75,0.5833333333333334,0.8333333333333334,1.0
remove_gyros_game_rot_vec,1.0,1.0,0.75,0.6666666666666666,0.8333333333333334,1.0
remove_gyros_game_rot_vec_magn_field,1.0,1.0,0.75,0.75,0.8333333333333334,1.0
remove_gyros_lin_accel,1.0,1.0,0.75,0.5,0.8333333333333334,1.0
remove_gyros_lin_accel_game_rot_vec,1.0,1.0,0.8333333333333334,0.5833333333333334,0.8333333333333334,1.0
remove_gyros_lin_accel_game_rot_vec_magn_field,1.0,1.0,0.8333333333333334,0.6666666666666666,0.8333333333333334,1.0
remove_gyros_lin_accel_magn_field,1.0,1.0,0.75,0.5,0.8333333333333334,1.0
remove_gyros_magn_field,1.0,1.0,0.6666666666666666,0.4166666666666667,0.8333333333333334,1.0
remove_lin_accel,0.9166666666666666,1.0,0.75,0.5,0.8333333333333334,1.0
remove_lin_accel_game_rot_vec,1.0,1.0,0.8333333333333334,0.5833333333333334,0.8333333333333334,1.0
remove_lin_accel_game_rot_vec_magn_field,1.0,1.0,0.8333333333333334,0.6666666666666666,0.8333333333333334,1.0
remove_lin_accel_magn_field,1.0,1.0,0.6666666666666666,0.4166666666666667,0.8333333333333334,1.0
remove_magn_field,1.0,1.0,0.75,0.5,0.8333333333333334,1.0
remove_x,1.0,1.0,0.75,0.5,0.8333333333333334,1.0
remove_x_y,1.0,1.0,0.6666666666666666,0.6666666666666666,0.5833333333333334,0.8333333333333334
remove_x_z,1.0,0.9166666666666666,0.6666666666666666,0.4166666666666667,0.8333333333333334,1.0
remove_y,1.0,1.0,0.75,0.5833333333333334,0.6666666666666666,0.9166666666666666
remove_y_z,1.0,0.9166666666666666,0.75,0.16666666666666666,0.6666666666666666,0.8333333333333334
remove_z,1.0,0.8333333333333334,0.6666666666666666,0.4166666666666667,0.8333333333333334,1.0
